word,pronunciation
Ahmahl,
Ahmal,Ah-mahl
Almaaz,Al-mahz
Alorian,
Argivian,Ar-jiv-ee-un
Argivians,
Argoth,
Ashnod,
Citanul,
Colekgan,
Doril,Dor-il
Drafna,Draf-nuh
Fallaji,Fuh-lah-jee
fawa,
Ghestos,Gess-tos
Gixian,Gix-ee-un
Gixians,
Golgothian,
Gwenna,
Hajar,Hah-jar
Hurkyl,Her-kil
Jalum,Jah-lum
Jorilin,
Koilos,Koy-los
Korlinda,
Korlis,Kor-liss
Korlisian,Kor-liss-ee-un
Korlisians,Kor-liss-ee-unz
Mabok,Mah-bok
Malpiri,Mal-pir-ee
Mardun,
Maurik,
Mishra,Mish-ruh
Muaharin,Moo-ah-har-in
nabiz,Nah-biz
onulet,On-oo-let
onulets,On-oo-lets
Penregon,Pen-reh-gon
Phyrexia,
Phyrexian,
qadir,kuh-deer
Rahud,Rah-hood
rakiq,Rah-keek
Richlau,
Ronom,Roh-nom
Rusko,Rus-koh
Sardia,
Sardian,
Sarinth,
Sarinthian,
Sharaman,Shar-uh-man
Sumifa,Soo-mee-fuh
Sumifan,
Sumifans,
Suwwardi,Soo-war-dee
sylex,
Tawnos,
Terisia,Terr-iss-ee-uh
Terisiare,
Thaladin,
Thaxus,
Tocasia,Toh-kay-zhuh
Tomakul,
triskelions,Tris-kee-lee-unz
Urza,
Yotia,
Yotian,
Yotians,
Yumok,
Zegon,
Zegoni,Zee-goh-nee
